121079,Benzalkonium Compounds interacting with Homo sapiens associated genes (MeSH:D001548) in CTD,Benzalkonium Compounds H.s.,32,1.0
121651,Sodium Dodecyl Sulfate interacting with Homo sapiens associated genes (MeSH:D012967) in CTD,Sodium Dodecyl Sulfate H.s.,79,0.20930232558139536
124856,27-hydroxycholesterol interacting with Homo sapiens associated genes (MeSH:C076996) in CTD,27-hydroxycholesterol H.s.,39,0.13559322033898305
256956,Endotoxins interacting with Mus musculus associated genes (MeSH:D004731) in CTD,Endotoxins M.m.,19,0.11904761904761904
123639,7-ketocholesterol interacting with Homo sapiens associated genes (MeSH:C003001) in CTD,7-ketocholesterol H.s.,39,0.11666666666666667
251860,Adjuvants, Immunologic interacting with Homo sapiens associated genes (MeSH:D000276) in CTD,Adjuvants, Immunologic H.s.,25,0.10416666666666667
253543,L 783281 interacting with nan associated genes (MeSH:C119066) in CTD,L 783281 n.,5,0.1
257801,E804 bisindole interacting with Mus musculus associated genes (MeSH:C509867) in CTD,E804 bisindole M.m.,38,0.1
253542,tigecycline interacting with Homo sapiens associated genes (MeSH:C119092) in CTD,tigecycline H.s.,5,0.1
125175,Hemagglutinins interacting with Homo sapiens associated genes (MeSH:D006388) in CTD,Hemagglutinins H.s.,17,0.0975609756097561
124860,enterotoxin B, staphylococcal interacting with Homo sapiens associated genes (MeSH:C031818) in CTD,enterotoxin B, staphylococcal H.s.,7,0.09375
254934,enterotoxin F, Staphylococcal interacting with Homo sapiens associated genes (MeSH:C030107) in CTD,enterotoxin F, Staphylococcal H.s.,7,0.09375
255766,coagulin-L interacting with Homo sapiens associated genes (MeSH:C000593591) in CTD,coagulin-L H.s.,19,0.09302325581395349
127111,Antimycin A interacting with Sus scrofa associated genes (MeSH:D000968) in CTD,Antimycin A S.s.,32,0.09090909090909091
257935,icilin interacting with Mus musculus associated genes (MeSH:C490483) in CTD,icilin M.m.,9,0.08823529411764706
251619,Glutaral interacting with Homo sapiens associated genes (MeSH:D005976) in CTD,Glutaral H.s.,9,0.08823529411764706
251806,Benzethonium interacting with Homo sapiens associated genes (MeSH:D001558) in CTD,Benzethonium H.s.,10,0.08571428571428572
251807,Benzenesulfonates interacting with Homo sapiens associated genes (MeSH:D001557) in CTD,Benzenesulfonates H.s.,10,0.08571428571428572
251850,Alum Compounds interacting with Homo sapiens associated genes (MeSH:D000534) in CTD,Alum Compounds H.s.,23,0.0851063829787234
240037,[MeSH] Chemokine CCL3 : D054405,Chemokine CCL3,77,0.0851063829787234
234832,[MeSH] Receptors, CCR1 : D054389,Receptors, CCR1,37,0.0847457627118644
126600,Aluminum Hydroxide interacting with Homo sapiens associated genes (MeSH:D000536) in CTD,Aluminum Hydroxide H.s.,24,0.08333333333333333
124071,Mevalonic Acid interacting with Bos taurus associated genes (MeSH:D008798) in CTD,Mevalonic Acid B.t.,78,0.08163265306122448
255591,palmatine interacting with Homo sapiens associated genes (MeSH:C005413) in CTD,palmatine H.s.,12,0.08108108108108109
256300,Taurocholic Acid interacting with Mus musculus associated genes (MeSH:D013656) in CTD,Taurocholic Acid M.m.,27,0.0784313725490196
263750,Cobalt interacting with Rattus norvegicus associated genes (MeSH:D003035) in CTD,Cobalt R.n.,42,0.07692307692307693
259285,phthalic anhydride interacting with Mus musculus associated genes (MeSH:C043103) in CTD,phthalic anhydride M.m.,14,0.07692307692307693
260433,neocuproine interacting with Mus musculus associated genes (MeSH:C002701) in CTD,neocuproine M.m.,14,0.07692307692307693
257085,Creatinine interacting with Mus musculus associated genes (MeSH:D003404) in CTD,Creatinine M.m.,43,0.07575757575757576
257084,Croton Oil interacting with Mus musculus associated genes (MeSH:D003436) in CTD,Croton Oil M.m.,43,0.07575757575757576
245062,[MeSH] Chemokine CXCL2 : D054426,Chemokine CXCL2,87,0.07476635514018691
234458,[MeSH] AIDS Dementia Complex : D015526,AIDS Dementia Complex,89,0.07339449541284404
125686,3-(2-hydroxy-4-(1,1-dimethylheptyl)phenyl)-4-(3-hydroxypropyl)cyclohexanol interacting with Homo sapiens associated genes (MeSH:C054649) in CTD,3-(2-hydroxy-4-(1,1-dimethylheptyl)p... H.s.,16,0.07317073170731707
259286,gallium arsenide interacting with Mus musculus associated genes (MeSH:C043055) in CTD,gallium arsenide M.m.,16,0.07317073170731707
262767,Tungsten interacting with Rattus norvegicus associated genes (MeSH:D014414) in CTD,Tungsten R.n.,31,0.07272727272727272
232873,KEGG Geneset - "Salmonella infection" pathway genes,Salmonella infection,49,0.07246376811594203
263128,Penicillamine interacting with Rattus norvegicus associated genes (MeSH:D010396) in CTD,Penicillamine R.n.,47,0.07142857142857142
123201,cobalt sulfate interacting with Homo sapiens associated genes (MeSH:C026305) in CTD,cobalt sulfate H.s.,32,0.07142857142857142
318738,GO:0005125 cytokine activity,GO:0005125,34,0.07017543859649122
233690,KEGG Geneset - "Salmonella infection" pathway genes,Salmonella infection,82,0.06930693069306931
263413,Hydrochloric Acid interacting with Rattus norvegicus associated genes (MeSH:D006851) in CTD,Hydrochloric Acid R.n.,34,0.06896551724137931
121236,Cholesterol interacting with Homo sapiens associated genes (MeSH:D002784) in CTD,Cholesterol H.s.,96,0.06896551724137931
234833,[MeSH] Receptors, CCR2 : D054390,Receptors, CCR2,81,0.06862745098039216
241763,[MeSH] Acute Lung Injury : D055371,Acute Lung Injury,82,0.06862745098039216
125625,Digoxin interacting with Homo sapiens associated genes (MeSH:D004077) in CTD,Digoxin H.s.,21,0.06521739130434782
256144,2,4-Dichlorophenoxyacetic Acid interacting with Mus musculus associated genes (MeSH:D015084) in CTD,2,4-Dichlorophenoxyacetic Acid M.m.,21,0.06521739130434782
121190,usnic acid interacting with Homo sapiens associated genes (MeSH:C073339) in CTD,usnic acid H.s.,54,0.06493506493506493
125980,Dinitrofluorobenzene interacting with Homo sapiens associated genes (MeSH:D004139) in CTD,Dinitrofluorobenzene H.s.,54,0.06493506493506493
256125,Dinoprostone interacting with Mus musculus associated genes (MeSH:D015232) in CTD,Dinoprostone M.m.,87,0.06481481481481481
251685,Digoxigenin interacting with Homo sapiens associated genes (MeSH:D004076) in CTD,Digoxigenin H.s.,5,0.06451612903225806
234711,[MeSH] Chemokine CCL4 : D054407,Chemokine CCL4,91,0.06422018348623854
125244,Puromycin interacting with Homo sapiens associated genes (MeSH:D011691) in CTD,Puromycin H.s.,22,0.06382978723404255
121977,Purine Nucleosides interacting with Homo sapiens associated genes (MeSH:D011684) in CTD,Purine Nucleosides H.s.,22,0.06382978723404255
234083,[MeSH] HIV Antibodies : D015483,HIV Antibodies,23,0.06382978723404255
240627,[MeSH] Deltaretrovirus Antibodies : D015480,Deltaretrovirus Antibodies,23,0.06382978723404255
251398,Strophanthins interacting with Homo sapiens associated genes (MeSH:D013328) in CTD,Strophanthins H.s.,6,0.0625
251686,Digitoxigenin interacting with Homo sapiens associated genes (MeSH:D004073) in CTD,Digitoxigenin H.s.,6,0.0625
255186,dithianone interacting with Oryctolagus cuniculus associated genes (MeSH:C018529) in CTD,dithianone O.c.,6,0.0625
255563,cephaelin interacting with Homo sapiens associated genes (MeSH:C005963) in CTD,cephaelin H.s.,6,0.0625
255185,lanatoside C interacting with Homo sapiens associated genes (MeSH:C018548) in CTD,lanatoside C H.s.,6,0.0625
256477,Poly I-C interacting with Mus musculus associated genes (MeSH:D011070) in CTD,Poly I-C M.m.,40,0.0625
256478,Poly G interacting with Mus musculus associated genes (MeSH:D011068) in CTD,Poly G M.m.,40,0.0625
254476,Bandrowski's base interacting with Homo sapiens associated genes (MeSH:C051597) in CTD,Bandrowski's base H.s.,40,0.0625
260088,dihydrocapsaicin interacting with Mus musculus associated genes (MeSH:C012906) in CTD,dihydrocapsaicin M.m.,23,0.0625
260087,flumequine interacting with Mus musculus associated genes (MeSH:C012976) in CTD,flumequine M.m.,23,0.0625
400158,Inflammatory cytokines downregulated in peripheral blood mononuclear cells (PBMC) specimens from SARS-CoV2 patients compared to healthy donors,InflammatoryCytokines_Down_in_Covid19_PBMC,6,0.0625
251365,Thiostrepton interacting with Homo sapiens associated genes (MeSH:D013883) in CTD,Thiostrepton H.s.,42,0.06153846153846154
238735,[MeSH] Chemokine CXCL10 : D054357,Chemokine CXCL10,93,0.06140350877192982
235627,[MeSH] Chemokine CCL17 : D054414,Chemokine CCL17,25,0.061224489795918366
259417,2-amino-3,8-dimethylimidazo(4,5-f)quinoxaline interacting with Mus musculus associated genes (MeSH:C036990) in CTD,2-amino-3,8-dimethylimidazo(4,5-f)qu... M.m.,24,0.061224489795918366
121263,benzoquinone interacting with Homo sapiens associated genes (MeSH:C004532) in CTD,benzoquinone H.s.,42,0.06060606060606061
127004,captax interacting with Homo sapiens associated genes (MeSH:C005563) in CTD,captax H.s.,42,0.06060606060606061
233073,KEGG Geneset - "Salmonella infection" pathway genes,Salmonella infection,82,0.06060606060606061
255605,methylbenzethonium chloride interacting with Homo sapiens associated genes (MeSH:C005106) in CTD,methylbenzethonium chloride H.s.,7,0.06060606060606061
255633,benzarone interacting with Homo sapiens associated genes (MeSH:C004528) in CTD,benzarone H.s.,42,0.06060606060606061
126013,Meldola blue interacting with Equus caballus associated genes (MeSH:C005559) in CTD,Meldola blue E.c.,42,0.06060606060606061
251436,Proscillaridin interacting with Homo sapiens associated genes (MeSH:D011442) in CTD,Proscillaridin H.s.,7,0.06060606060606061
255606,mepenzolic acid interacting with Homo sapiens associated genes (MeSH:C005101) in CTD,mepenzolic acid H.s.,7,0.06060606060606061
253787,ibufenac interacting with Homo sapiens associated genes (MeSH:C100118) in CTD,ibufenac H.s.,7,0.06060606060606061
253786,meclocycline interacting with Homo sapiens associated genes (MeSH:C100122) in CTD,meclocycline H.s.,7,0.06060606060606061
257416,Calcimycin interacting with Mus musculus associated genes (MeSH:D000001) in CTD,Calcimycin M.m.,42,0.06060606060606061
255715,coralyne interacting with Homo sapiens associated genes (MeSH:C000666) in CTD,coralyne H.s.,7,0.06060606060606061
251545,Methionine Sulfoximine interacting with Homo sapiens associated genes (MeSH:D008717) in CTD,Methionine Sulfoximine H.s.,7,0.06060606060606061
257417,DSF-27 compound interacting with Mus musculus associated genes (MeSH:C588213) in CTD,DSF-27 compound M.m.,42,0.06060606060606061
124610,clopidogrel interacting with Homo sapiens associated genes (MeSH:C055162) in CTD,clopidogrel H.s.,25,0.06
233589,KEGG Geneset - "Salmonella infection" pathway genes,Salmonella infection,78,0.06
127323,Emetine interacting with Homo sapiens associated genes (MeSH:D004640) in CTD,Emetine H.s.,25,0.06
121504,Beclomethasone interacting with Homo sapiens associated genes (MeSH:D001507) in CTD,Beclomethasone H.s.,61,0.05952380952380952
121485,deoxynivalenol interacting with Sus scrofa associated genes (MeSH:C007262) in CTD,deoxynivalenol S.s.,190,0.058823529411764705
251438,Propidium interacting with Homo sapiens associated genes (MeSH:D011419) in CTD,Propidium H.s.,8,0.058823529411764705
126093,Betamethasone interacting with Ovis aries associated genes (MeSH:D001623) in CTD,Betamethasone O.a.,26,0.058823529411764705
125873,Anisomycin interacting with Homo sapiens associated genes (MeSH:D000841) in CTD,Anisomycin H.s.,65,0.058823529411764705
255372,5-chloro-2-methyl-4-isothiazolin-3-one interacting with Homo sapiens associated genes (MeSH:C011421) in CTD,5-chloro-2-methyl-4-isothiazolin-3-o... H.s.,8,0.058823529411764705
251439,Propantheline interacting with Homo sapiens associated genes (MeSH:D011413) in CTD,Propantheline H.s.,8,0.058823529411764705
121293,alexidine interacting with Homo sapiens associated genes (MeSH:C001570) in CTD,alexidine H.s.,8,0.058823529411764705
255373,adrenic acid interacting with Homo sapiens associated genes (MeSH:C011395) in CTD,adrenic acid H.s.,8,0.058823529411764705
255697,limonin interacting with Homo sapiens associated genes (MeSH:C001546) in CTD,limonin H.s.,8,0.058823529411764705
257125,Cholesterol, Dietary interacting with Mus musculus associated genes (MeSH:D002791) in CTD,Cholesterol, Dietary M.m.,45,0.057971014492753624
265650,gadodiamide interacting with Rattus norvegicus associated genes (MeSH:C064925) in CTD,gadodiamide R.n.,9,0.05714285714285714
265651,DuP 697 interacting with Rattus norvegicus associated genes (MeSH:C064874) in CTD,DuP 697 R.n.,9,0.05714285714285714
255838,Antigens, Plant interacting with Mus musculus associated genes (MeSH:D052179) in CTD,Antigens, Plant M.m.,9,0.05714285714285714
239010,[MeSH] Chemokine CX3CL1 : D054428,Chemokine CX3CL1,28,0.05660377358490566
244113,[MeSH] Antigens, CD14 : D018950,Antigens, CD14,143,0.05625
122875,cholest-5-en-3 beta,7 alpha-diol interacting with Homo sapiens associated genes (MeSH:C011724) in CTD,cholest-5-en-3 beta,7 alpha-diol H.s.,10,0.05555555555555555
124921,Budesonide interacting with Homo sapiens associated genes (MeSH:D019819) in CTD,Budesonide H.s.,49,0.05555555555555555
251702,Deoxyribose interacting with nan associated genes (MeSH:D003855) in CTD,Deoxyribose n.,10,0.05555555555555555
251701,Dequalinium interacting with Homo sapiens associated genes (MeSH:D003868) in CTD,Dequalinium H.s.,10,0.05555555555555555
251297,Asbestos, Amphibole interacting with Homo sapiens associated genes (MeSH:D017636) in CTD,Asbestos, Amphibole H.s.,106,0.05555555555555555
260247,S-methylcysteine interacting with Mus musculus associated genes (MeSH:C008425) in CTD,S-methylcysteine M.m.,67,0.05555555555555555
260246,methyldithiocarbamate interacting with Mus musculus associated genes (MeSH:C008435) in CTD,methyldithiocarbamate M.m.,67,0.05555555555555555
255361,1-bromo-2,4-dinitrobenzene interacting with Homo sapiens associated genes (MeSH:C011688) in CTD,1-bromo-2,4-dinitrobenzene H.s.,10,0.05555555555555555
235542,[MeSH] Chemokines, CX3C : D020523,Chemokines, CX3C,29,0.05555555555555555
234343,[MeSH] Viral Vaccines : D014765,Viral Vaccines,70,0.054945054945054944
259345,caffeic acid interacting with Mus musculus associated genes (MeSH:C040048) in CTD,caffeic acid M.m.,30,0.05454545454545454
319729,GO:0050900 leukocyte migration,GO:0050900,51,0.05405405405405406
236302,[MeSH] Chemokines, C : D019744,Chemokines, C,11,0.05405405405405406
324647,GO:0043114 regulation of vascular permeability,GO:0043114,11,0.05405405405405406
367861,GO:0005125 cytokine activity,GO:0005125,71,0.053763440860215055
257937,myristoylated autocamtide-2-related inhibitory peptide interacting with Mus musculus associated genes (MeSH:C489863) in CTD,myristoylated autocamtide-2-related ... M.m.,51,0.05333333333333334
257936,neoechinulin A interacting with Mus musculus associated genes (MeSH:C490266) in CTD,neoechinulin A M.m.,51,0.05333333333333334
324008,GO:0001819 positive regulation of cytokine production,GO:0001819,55,0.05333333333333334
256246,Toluene 2,4-Diisocyanate interacting with Mus musculus associated genes (MeSH:D014051) in CTD,Toluene 2,4-Diisocyanate M.m.,111,0.05303030303030303
258868,zopolrestat interacting with Mus musculus associated genes (MeSH:C067172) in CTD,zopolrestat M.m.,12,0.05263157894736842
233049,KEGG Geneset - "Cytosolic DNA-sensing pathway" pathway genes,Cytosolic DNA-sensing pathway,32,0.05263157894736842
258869,8-oxo-7-hydrodeoxyguanosine interacting with Mus musculus associated genes (MeSH:C067134) in CTD,8-oxo-7-hydrodeoxyguanosine M.m.,12,0.05263157894736842
241406,[MeSH] Lung Injury : D055370,Lung Injury,153,0.05263157894736842
239902,[MeSH] Dose-Response Relationship, Immunologic : D004306,Dose-Response Relationship, Immunologic,115,0.05223880597014925
324003,GO:0001817 regulation of cytokine production,GO:0001817,77,0.052083333333333336
254561,epostane interacting with Sus scrofa associated genes (MeSH:C046855) in CTD,epostane S.s.,13,0.05128205128205128
125982,Dinitrochlorobenzene interacting with Homo sapiens associated genes (MeSH:D004137) in CTD,Dinitrochlorobenzene H.s.,243,0.050980392156862744
239786,[MeSH] Hydrocarbons, Chlorinated : D006843,Hydrocarbons, Chlorinated,97,0.05084745762711865
368063,GO:0002687 positive regulation of leukocyte migration,GO:0002687,76,0.050505050505050504
259380,curdlan interacting with Mus musculus associated genes (MeSH:C038459) in CTD,curdlan M.m.,97,0.05042016806722689
239565,[MeSH] Receptors, CCR3 : D054397,Receptors, CCR3,35,0.05
324002,GO:0001816 cytokine production,GO:0001816,81,0.05
243474,[MeSH] Carbon Tetrachloride : D002251,Carbon Tetrachloride,57,0.04938271604938271
243622,[MeSH] Immunity, Mucosal : D018928,Immunity, Mucosal,122,0.04929577464788732
240035,[MeSH] Chemokine CCL5 : D018946,Chemokine CCL5,122,0.04929577464788732
126237,Minocycline interacting with Homo sapiens associated genes (MeSH:D008911) in CTD,Minocycline H.s.,36,0.04918032786885246
122470,FK 156 interacting with nan associated genes (MeSH:C034330) in CTD,FK 156 n.,38,0.04918032786885246
254814,4-aminobenzhydrazide interacting with Homo sapiens associated genes (MeSH:C034343) in CTD,4-aminobenzhydrazide H.s.,38,0.04918032786885246
242520,[MeSH] Slow Virus Diseases : D012897,Slow Virus Diseases,170,0.04891304347826087
126903,Oxytetracycline interacting with Brachionus sp. 'koreanus' associated genes (MeSH:D010118) in CTD,Oxytetracycline B.s.'.,15,0.04878048780487805
232813,KEGG Geneset - "NF-kappa B signaling pathway" pathway genes,NF-kappa B signaling pathway,60,0.04878048780487805
258121,lipopolysaccharide, Escherichia coli O111 B4 interacting with Mus musculus associated genes (MeSH:C440499) in CTD,lipopolysaccharide, Escherichia coli... M.m.,101,0.04878048780487805
372327,GO:0002690 positive regulation of leukocyte chemotaxis,GO:0002690,58,0.04878048780487805
253909,darglitazone interacting with Homo sapiens associated genes (MeSH:C089948) in CTD,darglitazone H.s.,15,0.04878048780487805
253908,MF59 oil emulsion interacting with Homo sapiens associated genes (MeSH:C089950) in CTD,MF59 oil emulsion H.s.,15,0.04878048780487805
380557,Up-regulated Inflamatory response genes involved in response to Coronovirus avian infectious bronchitis infection in chicken kidney,Up-regulated Inflamatory response genes involved in response to Coronovirus avian infectious bronchitis infection in chicken kidney,19,0.047619047619047616
260010,neoechinulin interacting with Mus musculus associated genes (MeSH:C015380) in CTD,neoechinulin M.m.,38,0.047619047619047616
122288,Eugenol interacting with Homo sapiens associated genes (MeSH:D005054) in CTD,Eugenol H.s.,179,0.04736842105263158
251648,Etorphine interacting with Bos taurus associated genes (MeSH:D005048) in CTD,Etorphine B.t.,179,0.04736842105263158
321711,GO:0048018 receptor ligand activity,GO:0048018,106,0.047244094488188976
256574,Oxazolone interacting with Mus musculus associated genes (MeSH:D010081) in CTD,Oxazolone M.m.,84,0.04672897196261682
259717,didecyldimethylammonium interacting with Mus musculus associated genes (MeSH:C027118) in CTD,didecyldimethylammonium M.m.,17,0.046511627906976744
259718,methylglucoside interacting with Mus musculus associated genes (MeSH:C027020) in CTD,methylglucoside M.m.,17,0.046511627906976744
323707,GO:0030545 receptor regulator activity,GO:0030545,108,0.046511627906976744
242431,[MeSH] Acquired Immunodeficiency Syndrome : D000163,Acquired Immunodeficiency Syndrome,159,0.04597701149425287
125827,lipopolysaccharide, E. coli O26-B6 interacting with Homo sapiens associated genes (MeSH:C433788) in CTD,lipopolysaccharide, E. coli O26-B6 H.s.,111,0.045112781954887216
232905,KEGG Geneset - "Toll-like receptor signaling pathway" pathway genes,Toll-like receptor signaling pathway,68,0.0449438202247191
258249,TMC 120A interacting with Mus musculus associated genes (MeSH:C402696) in CTD,TMC 120A M.m.,65,0.0449438202247191
253862,imazethapyr interacting with Homo sapiens associated genes (MeSH:C093630) in CTD,imazethapyr H.s.,232,0.044897959183673466
122556,SB 203580 interacting with Homo sapiens associated genes (MeSH:C093642) in CTD,SB 203580 H.s.,232,0.044897959183673466
240033,[MeSH] Chemokine CCL7 : D054410,Chemokine CCL7,19,0.044444444444444446
266734,pyrrolidine dithiocarbamic acid interacting with Rattus norvegicus associated genes (MeSH:C020972) in CTD,pyrrolidine dithiocarbamic acid R.n.,66,0.044444444444444446
251736,Chrysenes interacting with Homo sapiens associated genes (MeSH:D002911) in CTD,Chrysenes H.s.,20,0.044444444444444446
126433,Dust interacting with Homo sapiens associated genes (MeSH:D004391) in CTD,Dust H.s.,214,0.04424778761061947
122189,Dinoprost interacting with Bos taurus associated genes (MeSH:D015237) in CTD,Dinoprost B.t.,67,0.04395604395604396
221233,http://www.broadinstitute.org/gsea/msigdb/cards/KEGG_TOLL_LIKE_RECEPTOR_SIGNALING_PATHWAY,KEGG_TOLL_LIKE_RECEPTOR_SIGNALING_PATHWAY,92,0.043859649122807015
225656,http://www.broadinstitute.org/gsea/msigdb/cards/KEGG_TOLL_LIKE_RECEPTOR_SIGNALING_PATHWAY,KEGG_TOLL_LIKE_RECEPTOR_SIGNALING_PATHWAY,92,0.043859649122807015
219645,http://www.broadinstitute.org/gsea/msigdb/cards/KEGG_TOLL_LIKE_RECEPTOR_SIGNALING_PATHWAY,KEGG_TOLL_LIKE_RECEPTOR_SIGNALING_PATHWAY,92,0.043859649122807015
220161,http://www.broadinstitute.org/gsea/msigdb/cards/KEGG_TOLL_LIKE_RECEPTOR_SIGNALING_PATHWAY,KEGG_TOLL_LIKE_RECEPTOR_SIGNALING_PATHWAY,92,0.043859649122807015
220984,http://www.broadinstitute.org/gsea/msigdb/cards/KEGG_TOLL_LIKE_RECEPTOR_SIGNALING_PATHWAY,KEGG_TOLL_LIKE_RECEPTOR_SIGNALING_PATHWAY,92,0.043859649122807015
222089,http://www.broadinstitute.org/gsea/msigdb/cards/KEGG_TOLL_LIKE_RECEPTOR_SIGNALING_PATHWAY,KEGG_TOLL_LIKE_RECEPTOR_SIGNALING_PATHWAY,92,0.043859649122807015
221702,http://www.broadinstitute.org/gsea/msigdb/cards/KEGG_TOLL_LIKE_RECEPTOR_SIGNALING_PATHWAY,KEGG_TOLL_LIKE_RECEPTOR_SIGNALING_PATHWAY,92,0.043859649122807015
240139,[MeSH] Antibodies, Viral : D000914,Antibodies, Viral,118,0.043795620437956206
238045,[MeSH] Receptors, CCR10 : D054447,Receptors, CCR10,20,0.043478260869565216
236891,[MeSH] Vascular Cell Adhesion Molecule-1 : D019010,Vascular Cell Adhesion Molecule-1,217,0.04291845493562232
239121,[MeSH] Macrophage Inflammatory Proteins : D019402,Macrophage Inflammatory Proteins,196,0.04285714285714286
260510,cladosporin interacting with Mus musculus associated genes (MeSH:C000488) in CTD,cladosporin M.m.,45,0.04285714285714286
121357,Hydrocortisone interacting with Bos taurus associated genes (MeSH:D006854) in CTD,Hydrocortisone B.t.,144,0.042682926829268296
251591,Hydrocodone interacting with nan associated genes (MeSH:D006853) in CTD,Hydrocodone n.,144,0.042682926829268296
234117,[MeSH] Encephalitis : D004660,Encephalitis,121,0.0425531914893617
234836,[MeSH] Receptors, CCR5 : D019713,Receptors, CCR5,148,0.041916167664670656
234974,[MeSH] Fetal Blood : D005312,Fetal Blood,225,0.04132231404958678
233822,KEGG Geneset - "Toll-like receptor signaling pathway" pathway genes,Toll-like receptor signaling pathway,101,0.04132231404958678
228922,MSigDB Geneset - HALLMARK_TNFA_SIGNALING_VIA_NFKB,HALLMARK_TNFA_SIGNALING_VIA_NFKB,199,0.04128440366972477
368068,GO:0002688 regulation of leukocyte chemotaxis,GO:0002688,73,0.041237113402061855
122186,Dinoprostone interacting with Homo sapiens associated genes (MeSH:D015232) in CTD,Dinoprostone H.s.,150,0.041176470588235294
233411,KEGG Geneset - "Cytosolic DNA-sensing pathway" pathway genes,Cytosolic DNA-sensing pathway,61,0.0410958904109589
233034,KEGG Geneset - "Cytokine-cytokine receptor interaction" pathway genes,Cytokine-cytokine receptor interaction,156,0.04093567251461988
230391,MSigDB Geneset - GSE9988_LPS_VS_VEHICLE_TREATED_MONOCYTE_UP,GSE9988_LPS_VS_VEHICLE_TREATED_MONOCYTE_UP,183,0.04081632653061224
257285,Antigen-Antibody Complex interacting with Mus musculus associated genes (MeSH:D000936) in CTD,Antigen-Antibody Complex M.m.,23,0.04081632653061224
325973,GO:0030595 leukocyte chemotaxis,GO:0030595,23,0.04081632653061224
256995,Dinitrofluorobenzene interacting with Mus musculus associated genes (MeSH:D004139) in CTD,Dinitrofluorobenzene M.m.,23,0.04081632653061224
241015,[MeSH] Encephalitis, Viral : D018792,Encephalitis, Viral,50,0.04054054054054054
253155,beta-hydroxy simvastatin acid interacting with Homo sapiens associated genes (MeSH:C483161) in CTD,beta-hydroxy simvastatin acid H.s.,78,0.04
122333,Prednisolone interacting with nan associated genes (MeSH:D011239) in CTD,Prednisolone n.,129,0.04
233306,KEGG Geneset - "Cytosolic DNA-sensing pathway" pathway genes,Cytosolic DNA-sensing pathway,56,0.04
227219,MSigDB Geneset - GSE9988_LOW_LPS_VS_CTRL_TREATED_MONOCYTE_UP,GSE9988_LOW_LPS_VS_CTRL_TREATED_MONOCYTE_UP,185,0.04
256635,Mycotoxins interacting with Mus musculus associated genes (MeSH:D009183) in CTD,Mycotoxins M.m.,51,0.039473684210526314
124265,2,6-Dichloroindophenol interacting with Homo sapiens associated genes (MeSH:D015086) in CTD,2,6-Dichloroindophenol H.s.,25,0.0392156862745098
126001,Oxazolone interacting with Homo sapiens associated genes (MeSH:D010081) in CTD,Oxazolone H.s.,133,0.03896103896103896
240243,[MeSH] nef Gene Products, Human Immunodeficiency Virus : D054311,nef Gene Products, Human Immunodeficiency Virus,192,0.03864734299516908
237856,[MeSH] Central Nervous System Viral Diseases : D020805,Central Nervous System Viral Diseases,163,0.038461538461538464
216661,Microglia-Specific Markers Enriched in RNA-seq Data,Microglia-Specific Markers,27,0.038461538461538464
256140,4-Nitroquinoline-1-oxide interacting with Mus musculus associated genes (MeSH:D015112) in CTD,4-Nitroquinoline-1-oxide M.m.,53,0.038461538461538464
242188,[MeSH] Dinoprostone : D015232,Dinoprostone,242,0.038461538461538464
123171,hydroxyhydroquinone interacting with Homo sapiens associated genes (MeSH:C013038) in CTD,hydroxyhydroquinone H.s.,111,0.03816793893129771
256024,Asbestos, Serpentine interacting with Mus musculus associated genes (MeSH:D017632) in CTD,Asbestos, Serpentine M.m.,136,0.0379746835443038
221494,http://www.broadinstitute.org/gsea/msigdb/cards/PID_IL12_2PATHWAY,PID_IL12_2PATHWAY,54,0.0379746835443038
221456,http://www.broadinstitute.org/gsea/msigdb/cards/PID_IL12_2PATHWAY,PID_IL12_2PATHWAY,54,0.0379746835443038
368065,GO:0002685 regulation of leukocyte migration,GO:0002685,110,0.03759398496240601
235506,[MeSH] Receptors, CXCR3 : D054367,Receptors, CXCR3,55,0.0375
123450,4-phenylenediamine interacting with Homo sapiens associated genes (MeSH:C029728) in CTD,4-phenylenediamine H.s.,57,0.0375
124369,15-acetyldeoxynivalenol interacting with Homo sapiens associated genes (MeSH:C046760) in CTD,15-acetyldeoxynivalenol H.s.,87,0.037383177570093455
233907,KEGG Geneset - "NF-kappa B signaling pathway" pathway genes,NF-kappa B signaling pathway,84,0.037383177570093455
244248,[MeSH] Gene Products, nef : D015693,Gene Products, nef,199,0.037383177570093455
244962,[MeSH] Prostaglandins E : D011458,Prostaglandins E,250,0.03731343283582089
251494,Penicillamine interacting with Bos taurus associated genes (MeSH:D010396) in CTD,Penicillamine B.t.,58,0.037037037037037035
241032,[MeSH] Central Nervous System Infections : D002494,Central Nervous System Infections,232,0.036734693877551024
370182,GO:0050921 positive regulation of chemotaxis,GO:0050921,86,0.03669724770642202
213213,Collaborative Cross Cecum Microflora Parabiclique2 CC03.9t.8g.8g,CC_Microflora_PB2_9t8g8g,119,0.0364963503649635
259986,pinocembrin interacting with Mus musculus associated genes (MeSH:C016063) in CTD,pinocembrin M.m.,29,0.03636363636363636
123606,Lactic Acid interacting with Homo sapiens associated genes (MeSH:D019344) in CTD,Lactic Acid H.s.,29,0.03636363636363636
123953,indirubin-3'-monoxime interacting with Homo sapiens associated genes (MeSH:C474021) in CTD,indirubin-3'-monoxime H.s.,29,0.03636363636363636
259985,shikonin interacting with Mus musculus associated genes (MeSH:C016101) in CTD,shikonin M.m.,29,0.03636363636363636
240868,[MeSH] Status Epilepticus : D013226,Status Epilepticus,29,0.03636363636363636
253233,tetrakis(4-benzoic acid)porphyriniron(III) interacting with Homo sapiens associated genes (MeSH:C474019) in CTD,tetrakis(4-benzoic acid)porphyriniro... H.s.,29,0.03636363636363636
229106,MSigDB Geneset - GSE9988_ANTI_TREM1_VS_ANTI_TREM1_AND_LPS_MONOCYTE_DN,GSE9988_ANTI_TREM1_VS_ANTI_TREM1_AND_LPS_MONOCYTE_DN,180,0.03608247422680412
370181,GO:0050920 regulation of chemotaxis,GO:0050920,117,0.03597122302158273
241414,[MeSH] Hydrocarbons, Halogenated : D006846,Hydrocarbons, Halogenated,267,0.03571428571428571
233825,KEGG Geneset - "Cytosolic DNA-sensing pathway" pathway genes,Cytosolic DNA-sensing pathway,61,0.03571428571428571
233651,KEGG Geneset - "Toll-like receptor signaling pathway" pathway genes,Toll-like receptor signaling pathway,101,0.03571428571428571
123865,catechol interacting with Homo sapiens associated genes (MeSH:C034221) in CTD,catechol H.s.,30,0.03571428571428571
256996,Dinitrochlorobenzene interacting with Mus musculus associated genes (MeSH:D004137) in CTD,Dinitrochlorobenzene M.m.,117,0.03571428571428571
256997,Diminazene interacting with Mus musculus associated genes (MeSH:D004133) in CTD,Diminazene M.m.,117,0.03571428571428571
230168,MSigDB Geneset - GSE9988_LPS_VS_CTRL_TREATED_MONOCYTE_UP,GSE9988_LPS_VS_CTRL_TREATED_MONOCYTE_UP,183,0.03571428571428571
125212,Ritonavir interacting with Homo sapiens associated genes (MeSH:D019438) in CTD,Ritonavir H.s.,89,0.035398230088495575
238315,[MeSH] Integrin alpha4beta1 : D039041,Integrin alpha4beta1,61,0.03529411764705882
258109,cafenstrole interacting with Mus musculus associated genes (MeSH:C444649) in CTD,cafenstrole M.m.,31,0.03508771929824561
258108,methyl 2-cyano-3,12-dioxoolean-1,9-dien-28-oate interacting with Mus musculus associated genes (MeSH:C445068) in CTD,methyl 2-cyano-3,12-dioxoolean-1,9-d... M.m.,31,0.03508771929824561
242056,[MeSH] Neurotoxins : D009498,Neurotoxins,121,0.03496503496503497
232692,PC Geneset - "IL12-mediated signaling events" pathway genes,IL12-mediated signaling events,61,0.03488372093023256
233304,KEGG Geneset - "Toll-like receptor signaling pathway" pathway genes,Toll-like receptor signaling pathway,95,0.034782608695652174
351274,GO:0002232 leukocyte chemotaxis involved in inflammatory response,GO:0002232,2,0.034482758620689655
350913,GO:0002269 leukocyte activation involved in inflammatory response,GO:0002269,2,0.034482758620689655
351084,GO:0002523 leukocyte migration involved in inflammatory response,GO:0002523,2,0.034482758620689655
234068,[MeSH] Receptors, Fibronectin : D017469,Receptors, Fibronectin,123,0.034482758620689655
255837,Particulate Matter interacting with Mus musculus associated genes (MeSH:D052638) in CTD,Particulate Matter M.m.,274,0.03424657534246575
1250,High-density microarray analysis of hippocampal gene expression following experimental brain injury,BrainInjuryDiffExprHPC,186,0.03414634146341464
243873,[MeSH] Receptors, Very Late Antigen : D016029,Receptors, Very Late Antigen,155,0.03409090909090909
242479,[MeSH] Receptors, CCR : D054388,Receptors, CCR,250,0.03409090909090909
240038,[MeSH] Chemokine CCL2 : D018932,Chemokine CCL2,311,0.033846153846153845
371894,GO:0030595 leukocyte chemotaxis,GO:0030595,126,0.033783783783783786
238737,[MeSH] Chemokine CXCL12 : D054377,Chemokine CXCL12,249,0.033582089552238806
238725,[MeSH] Antigens, CD45 : D017493,Antigens, CD45,191,0.03349282296650718
235910,[MeSH] Receptor-Like Protein Tyrosine Phosphatases, Class 1 : D054622,Receptor-Like Protein Tyrosine Phosphatases, Class 1,191,0.03349282296650718
350834,GO:0030595 leukocyte chemotaxis,GO:0030595,3,0.03333333333333333
348996,GO:0050900 leukocyte migration,GO:0050900,3,0.03333333333333333
241065,[MeSH] Monocyte Chemoattractant Proteins : D018945,Monocyte Chemoattractant Proteins,316,0.03333333333333333
237727,[MeSH] AIDS Vaccines : D016915,AIDS Vaccines,35,0.03333333333333333
259226,trimethyltin interacting with Mus musculus associated genes (MeSH:C046488) in CTD,trimethyltin M.m.,65,0.03333333333333333
348807,GO:0060326 cell chemotaxis,GO:0060326,3,0.03333333333333333
256216,Trimethoprim interacting with Mus musculus associated genes (MeSH:D014295) in CTD,Trimethoprim M.m.,253,0.03308823529411765
256215,Trinitrobenzenesulfonic Acid interacting with Mus musculus associated genes (MeSH:D014302) in CTD,Trinitrobenzenesulfonic Acid M.m.,253,0.03308823529411765
121526,titanium dioxide interacting with Mytilus galloprovincialis associated genes (MeSH:C009495) in CTD,titanium dioxide M.g.,192,0.0330188679245283
121458,Simvastatin interacting with Homo sapiens associated genes (MeSH:D019821) in CTD,Simvastatin H.s.,321,0.03293413173652695
237923,[MeSH] Macrophage Activation : D008262,Macrophage Activation,258,0.032846715328467155
319051,GO:0060326 cell chemotaxis,GO:0060326,35,0.03278688524590164
255155,SAICAR interacting with Homo sapiens associated genes (MeSH:C020635) in CTD,SAICAR H.s.,38,0.03225806451612903
309303,GO:0031730 CCR5 chemokine receptor binding,GO:0031730,4,0.03225806451612903
126941,beryllium sulfate interacting with Homo sapiens associated genes (MeSH:C020711) in CTD,beryllium sulfate H.s.,38,0.03225806451612903
125802,Asbestos, Serpentine interacting with Homo sapiens associated genes (MeSH:D017632) in CTD,Asbestos, Serpentine H.s.,333,0.03216374269005848
237110,[MeSH] Genes, Viral : D005814,Genes, Viral,234,0.032
235722,[MeSH] Cystic Fibrosis : D003550,Cystic Fibrosis,103,0.031746031746031744
236083,[MeSH] Granulocyte-Macrophage Colony-Stimulating Factor : D016178,Granulocyte-Macrophage Colony-Stimulating Factor,237,0.031496062992125984
234437,[MeSH] Activating Transcription Factors : D051696,Activating Transcription Factors,171,0.031413612565445025
239088,[MeSH] Costimulatory and Inhibitory T-Cell Receptors : D061025,Costimulatory and Inhibitory T-Cell Receptors,239,0.03137254901960784
349550,GO:0006954 inflammatory response,GO:0006954,6,0.03125
369497,GO:0048018 receptor ligand activity,GO:0048018,173,0.03125
252839,roflumilast N-oxide interacting with Homo sapiens associated genes (MeSH:C517734) in CTD,roflumilast N-oxide H.s.,5,0.03125
190144,GO:0031726 CCR1 chemokine receptor binding,GO:0031726,5,0.03125
203149,GO:2000503 positive regulation of natural killer cell chemotaxis,GO:2000503,5,0.03125
233145,KEGG Geneset - "Cytokine-cytokine receptor interaction" pathway genes,Cytokine-cytokine receptor interaction,213,0.030837004405286344
370648,GO:0030546 signaling receptor activator activity,GO:0030546,176,0.03076923076923077
234380,[MeSH] Vaccines : D014612,Vaccines,177,0.03076923076923077
367860,GO:0005126 cytokine receptor binding,GO:0005126,141,0.03048780487804878
251465,Picibanil interacting with Homo sapiens associated genes (MeSH:D010844) in CTD,Picibanil H.s.,6,0.030303030303030304
318735,GO:0005126 cytokine receptor binding,GO:0005126,75,0.030303030303030304
319024,GO:0006935 chemotaxis,GO:0006935,76,0.030303030303030304
207035,GO:0031726 CCR1 chemokine receptor binding,GO:0031726,6,0.030303030303030304
229175,MSigDB Geneset - GSE9988_LOW_LPS_VS_VEHICLE_TREATED_MONOCYTE_UP,GSE9988_LOW_LPS_VS_VEHICLE_TREATED_MONOCYTE_UP,181,0.03015075376884422
241261,[MeSH] Prostaglandins : D011453,Prostaglandins,315,0.03003003003003003
324375,GO:0042330 taxis,GO:0042330,77,0.03
236333,[MeSH] Pertussis Toxin : D037342,Pertussis Toxin,181,0.029850746268656716
234642,[MeSH] Sialoglycoproteins : D012795,Sialoglycoproteins,288,0.0297029702970297
238336,[MeSH] Antigens, CD28 : D018106,Antigens, CD28,185,0.029556650246305417
220981,http://www.broadinstitute.org/gsea/msigdb/cards/KEGG_CYTOKINE_CYTOKINE_RECEPTOR_INTERACTION,KEGG_CYTOKINE_CYTOKINE_RECEPTOR_INTERACTION,256,0.029411764705882353
221230,http://www.broadinstitute.org/gsea/msigdb/cards/KEGG_CYTOKINE_CYTOKINE_RECEPTOR_INTERACTION,KEGG_CYTOKINE_CYTOKINE_RECEPTOR_INTERACTION,256,0.029411764705882353
220158,http://www.broadinstitute.org/gsea/msigdb/cards/KEGG_CYTOKINE_CYTOKINE_RECEPTOR_INTERACTION,KEGG_CYTOKINE_CYTOKINE_RECEPTOR_INTERACTION,256,0.029411764705882353
326029,GO:0003018 vascular process in circulatory system,GO:0003018,112,0.029411764705882353
313862,GO:2000501 regulation of natural killer cell chemotaxis,GO:2000501,7,0.029411764705882353
219636,http://www.broadinstitute.org/gsea/msigdb/cards/KEGG_CYTOKINE_CYTOKINE_RECEPTOR_INTERACTION,KEGG_CYTOKINE_CYTOKINE_RECEPTOR_INTERACTION,256,0.029411764705882353
348890,GO:0045321 leukocyte activation,GO:0045321,10,0.029411764705882353
367546,GO:0042379 chemokine receptor binding,GO:0042379,42,0.029411764705882353
185919,GO:0031730 CCR5 chemokine receptor binding,GO:0031730,7,0.029411764705882353
351304,GO:0030097 hemopoiesis,GO:0030097,8,0.029411764705882353
255916,Acrylamide interacting with Mus musculus associated genes (MeSH:D020106) in CTD,Acrylamide M.m.,42,0.029411764705882353
229092,MSigDB Geneset - GSE9988_ANTI_TREM1_VS_LOW_LPS_MONOCYTE_DN,GSE9988_ANTI_TREM1_VS_LOW_LPS_MONOCYTE_DN,188,0.028985507246376812
230467,MSigDB Geneset - GSE9988_ANTI_TREM1_VS_LPS_MONOCYTE_DN,GSE9988_ANTI_TREM1_VS_LPS_MONOCYTE_DN,189,0.028985507246376812
236155,[MeSH] Pneumonia : D011014,Pneumonia,222,0.028925619834710745
233910,KEGG Geneset - "Cytokine-cytokine receptor interaction" pathway genes,Cytokine-cytokine receptor interaction,262,0.02877697841726619
240067,[MeSH] Receptors, CXCR : D054387,Receptors, CXCR,333,0.02865329512893983
228653,MSigDB Geneset - GNF2_IL2RB,GNF2_IL2RB,45,0.02857142857142857
370647,GO:0030545 receptor regulator activity,GO:0030545,193,0.02857142857142857
240610,[MeSH] Genome, Viral : D016679,Genome, Viral,265,0.02857142857142857
324648,GO:0043117 positive regulation of vascular permeability,GO:0043117,8,0.02857142857142857
234713,[MeSH] Virulence Factors, Bordetella : D010566,Virulence Factors, Bordetella,192,0.02830188679245283
241964,[MeSH] Receptor-Like Protein Tyrosine Phosphatases : D054557,Receptor-Like Protein Tyrosine Phosphatases,269,0.028169014084507043
242034,[MeSH] Anti-HIV Agents : D019380,Anti-HIV Agents,159,0.027932960893854747
260509,ferric oxide interacting with Mus musculus associated genes (MeSH:C000499) in CTD,ferric oxide M.m.,156,0.027932960893854747
233372,KEGG Geneset - "Cytokine-cytokine receptor interaction" pathway genes,Cytokine-cytokine receptor interaction,252,0.027888446215139442
308644,GO:0035747 natural killer cell chemotaxis,GO:0035747,9,0.027777777777777776
348797,GO:0006935 chemotaxis,GO:0006935,9,0.027777777777777776
208377,GO:0008009 chemokine activity,GO:0008009,47,0.027777777777777776
350352,GO:0042330 taxis,GO:0042330,9,0.027777777777777776
121577,Fludrocortisone interacting with Homo sapiens associated genes (MeSH:D005438) in CTD,Fludrocortisone H.s.,9,0.027777777777777776
349631,GO:0048534 hematopoietic or lymphoid organ development,GO:0048534,10,0.027777777777777776
238986,[MeSH] Multiple Myeloma : D009101,Multiple Myeloma,272,0.027586206896551724
242719,[MeSH] Antigens, Differentiation, Myelomonocytic : D015214,Antigens, Differentiation, Myelomonocytic,349,0.027548209366391185
242069,[MeSH] Anti-Retroviral Agents : D044966,Anti-Retroviral Agents,163,0.0273224043715847
244824,[MeSH] Interferon-alpha : D016898,Interferon-alpha,239,0.027237354085603113
351086,GO:0002520 immune system development,GO:0002520,11,0.02702702702702703
244996,[MeSH] Antigens, CD56 : D019002,Antigens, CD56,48,0.02702702702702703
255139,alclometasone dipropionate interacting with Homo sapiens associated genes (MeSH:C021137) in CTD,alclometasone dipropionate H.s.,10,0.02702702702702703
255140,S 2238 interacting with Homo sapiens associated genes (MeSH:C021129) in CTD,S 2238 H.s.,10,0.02702702702702703
235510,[MeSH] Receptors, CXCR4 : D019718,Receptors, CXCR4,278,0.026845637583892617
239187,[MeSH] Bronchiolitis, Viral : D001990,Bronchiolitis, Viral,204,0.026785714285714284
233369,KEGG Geneset - "NF-kappa B signaling pathway" pathway genes,NF-kappa B signaling pathway,94,0.026785714285714284
237795,[MeSH] Neoplasms, Plasma Cell : D054219,Neoplasms, Plasma Cell,286,0.026755852842809364
237384,[MeSH] Paraproteinemias : D010265,Paraproteinemias,282,0.026755852842809364
321714,GO:0006954 inflammatory response,GO:0006954,168,0.026737967914438502
235903,[MeSH] Biological Products : D001688,Biological Products,403,0.02669902912621359
233143,KEGG Geneset - "NF-kappa B signaling pathway" pathway genes,NF-kappa B signaling pathway,89,0.02654867256637168
237079,[MeSH] Interleukin-8 : D016209,Interleukin-8,402,0.02631578947368421
234828,[MeSH] Receptors, CCR8 : D054401,Receptors, CCR8,12,0.02631578947368421
256507,Phospholipids interacting with Mus musculus associated genes (MeSH:D010743) in CTD,Phospholipids M.m.,11,0.02631578947368421
322508,GO:0008015 blood circulation,GO:0008015,208,0.02631578947368421
326025,GO:0003013 circulatory system process,GO:0003013,209,0.026200873362445413
243359,[MeSH] Bronchiolitis : D001988,Bronchiolitis,212,0.02586206896551724
238818,[MeSH] Virulence Factors : D037521,Virulence Factors,253,0.025735294117647058
237075,[MeSH] Interleukin-4 : D015847,Interleukin-4,416,0.02570093457943925
234417,[MeSH] Bronchitis : D001991,Bronchitis,214,0.02564102564102564
234148,[MeSH] DNA, Helminth : D018509,DNA, Helminth,13,0.02564102564102564
348003,GO:0001775 cell activation,GO:0001775,15,0.02564102564102564
240039,[MeSH] Chemokine CCL1 : D054402,Chemokine CCL1,12,0.02564102564102564
191425,GO:0043922 negative regulation by host of viral transcription,GO:0043922,12,0.02564102564102564
368018,GO:0060326 cell chemotaxis,GO:0060326,175,0.025510204081632654
236350,[MeSH] Pneumovirus Infections : D018186,Pneumovirus Infections,219,0.02510460251046025
236010,[MeSH] Respiratory Syncytial Virus Infections : D018357,Respiratory Syncytial Virus Infections,219,0.02510460251046025
241798,[MeSH] Immunologic Memory : D007156,Immunologic Memory,261,0.025089605734767026
262357,Fungal Polysaccharides interacting with Rattus norvegicus associated genes (MeSH:D062610) in CTD,Fungal Polysaccharides R.n.,54,0.025
372194,GO:0140131 positive regulation of lymphocyte chemotaxis,GO:0140131,13,0.025
237540,[MeSH] Infant, Newborn, Diseases : D007232,Infant, Newborn, Diseases,262,0.025
127302,Roflumilast interacting with Homo sapiens associated genes (MeSH:C424423) in CTD,Roflumilast H.s.,13,0.025
239193,[MeSH] Polyproteins : D020815,Polyproteins,265,0.02491103202846975
227639,MSigDB Geneset - GSE2706_UNSTIM_VS_2H_R848_DC_DN,GSE2706_UNSTIM_VS_2H_R848_DC_DN,182,0.024630541871921183
369660,GO:0043922 negative regulation by host of viral transcription,GO:0043922,14,0.024390243902439025
349546,GO:0006952 defense response,GO:0006952,26,0.024390243902439025
263201,Nickel interacting with Rattus norvegicus associated genes (MeSH:D009532) in CTD,Nickel R.n.,141,0.024242424242424242
235785,[MeSH] HIV Envelope Protein gp120 : D015699,HIV Envelope Protein gp120,400,0.024213075060532687
245437,[MeSH] vpr Gene Products, Human Immunodeficiency Virus : D054325,vpr Gene Products, Human Immunodeficiency Virus,185,0.024154589371980676
263609,Doxorubicin interacting with Rattus norvegicus associated genes (MeSH:D004317) in CTD,Doxorubicin R.n.,354,0.024128686327077747
243150,[MeSH] Interleukin-12 : D018664,Interleukin-12,319,0.024024024024024024
265186,JP8 aviation fuel interacting with Rattus norvegicus associated genes (MeSH:C098607) in CTD,JP8 aviation fuel R.n.,315,0.023880597014925373
320915,GO:0032760 positive regulation of tumor necrosis factor production,GO:0032760,17,0.023809523809523808
318744,GO:1903557 positive regulation of tumor necrosis factor superfamily cytokine production,GO:1903557,17,0.023809523809523808
241266,[MeSH] Receptors, Lymphocyte Homing : D016201,Receptors, Lymphocyte Homing,363,0.023746701846965697
219717,http://www.broadinstitute.org/gsea/msigdb/cards/EXTRACELLULAR_SPACE,CC_EXTRACELLULAR_SPACE,235,0.023622047244094488
219934,http://www.broadinstitute.org/gsea/msigdb/cards/EXTRACELLULAR_SPACE,CC_EXTRACELLULAR_SPACE,235,0.023622047244094488
244954,[MeSH] Blood Protein Disorders : D001796,Blood Protein Disorders,323,0.02359882005899705
238815,[MeSH] Paramyxoviridae Infections : D018184,Paramyxoviridae Infections,235,0.023529411764705882
227946,MSigDB Geneset - GSE8384_CTRL_VS_B_ABORTUS_4H_MAC_CELL_LINE_DN,GSE8384_CTRL_VS_B_ABORTUS_4H_MAC_CELL_LINE_DN,192,0.023474178403755867
240844,[MeSH] Chemokines, CC : D019742,Chemokines, CC,461,0.023404255319148935
327012,GO:0008009 chemokine activity,GO:0008009,16,0.023255813953488372
237237,[MeSH] Gene Products, vpr : D016336,Gene Products, vpr,193,0.023255813953488372
234720,[MeSH] Glycopeptides : D006020,Glycopeptides,421,0.023148148148148147
240908,[MeSH] Th2 Cells : D018418,Th2 Cells,375,0.02313624678663239
242041,[MeSH] Hemostatic Disorders : D020141,Hemostatic Disorders,333,0.022857142857142857
228139,MSigDB Geneset - GSE8515_IL1_VS_IL6_4H_STIM_)MAC_UP,GSE8515_IL1_VS_IL6_4H_STIM_)MAC_UP,197,0.0228310502283105
242929,[MeSH] Diabetes Mellitus, Type 1 : D003922,Diabetes Mellitus, Type 1,483,0.022821576763485476
224343,Blood pressure QTL 299 (Bp299 Published QTL Chr 10),QTL-Bp299-Rat-Chr 10,26,0.022727272727272728
235507,[MeSH] Pore Forming Cytotoxic Proteins : D052899,Pore Forming Cytotoxic Proteins,307,0.022727272727272728
370152,GO:1901623 regulation of lymphocyte chemotaxis,GO:1901623,17,0.022727272727272728
263257,Methylnitrosourea interacting with Rattus norvegicus associated genes (MeSH:D008770) in CTD,Methylnitrosourea R.n.,152,0.022727272727272728
257240,Benzene interacting with Mus musculus associated genes (MeSH:D001554) in CTD,Benzene M.m.,152,0.022727272727272728
242887,[MeSH] Mononegavirales Infections : D018701,Mononegavirales Infections,247,0.02247191011235955
240326,[MeSH] Arachidonic Acids : D001095,Arachidonic Acids,429,0.02242152466367713
239235,[MeSH] Chemotaxis, Leukocyte : D002634,Chemotaxis, Leukocyte,342,0.022408963585434174
232830,KEGG Geneset - "Chemokine signaling pathway" pathway genes,Chemokine signaling pathway,119,0.022388059701492536
244461,[MeSH] Natural Killer T-Cells : D055611,Natural Killer T-Cells,113,0.022222222222222223
237497,[MeSH] Antigens, CD34 : D018952,Antigens, CD34,296,0.022222222222222223
245550,[MeSH] Culture Media, Conditioned : D017077,Culture Media, Conditioned,388,0.022167487684729065
238108,[MeSH] Chronic Disease : D002908,Chronic Disease,584,0.021996615905245348
234684,[MeSH] env Gene Products, Human Immunodeficiency Virus : D054299,env Gene Products, Human Immunodeficiency Virus,444,0.02197802197802198
185622,GO:0052312 modulation of transcription in other organism involved in symbiotic interaction,GO:0052312,19,0.021739130434782608
187602,GO:0052472 modulation by host of symbiont transcription,GO:0052472,19,0.021739130434782608
234537,[MeSH] Eicosanoids : D015777,Eicosanoids,443,0.021739130434782608
191412,GO:0043921 modulation by host of viral transcription,GO:0043921,19,0.021739130434782608
367557,GO:0019722 calcium-mediated signaling,GO:0019722,115,0.021739130434782608
239509,[MeSH] Arthritis, Rheumatoid : D001172,Arthritis, Rheumatoid,592,0.02159468438538206
233971,[MeSH] Mast Cells : D008407,Mast Cells,406,0.02158273381294964
260290,deoxynivalenol interacting with Mus musculus associated genes (MeSH:C007262) in CTD,deoxynivalenol M.m.,304,0.021538461538461538
260291,cyclohexene oxide interacting with Mus musculus associated genes (MeSH:C007193) in CTD,cyclohexene oxide M.m.,304,0.021538461538461538
238127,[MeSH] Osteoclasts : D010010,Osteoclasts,403,0.021377672209026127
320010,GO:0016477 cell migration,GO:0016477,261,0.021352313167259787
236988,[MeSH] HIV Antigens : D015488,HIV Antigens,458,0.021321961620469083
240405,[MeSH] Gene Products, env : D015686,Gene Products, env,458,0.021321961620469083
257973,lipopolysaccharide, E coli O55-B5 interacting with Mus musculus associated genes (MeSH:C482199) in CTD,lipopolysaccharide, E coli O55-B5 M.m.,261,0.02120141342756184
237342,[MeSH] tat Gene Products, Human Immunodeficiency Virus : D054322,tat Gene Products, Human Immunodeficiency Virus,555,0.021164021164021163
321710,GO:0006952 defense response,GO:0006952,227,0.020833333333333332
238556,[MeSH] Genes, vpr : D016334,Genes, vpr,21,0.020833333333333332
318158,GO:0042379 chemokine receptor binding,GO:0042379,21,0.020833333333333332
320386,GO:0051674 localization of cell,GO:0051674,270,0.020689655172413793
322908,GO:0048870 cell motility,GO:0048870,270,0.020689655172413793
241044,[MeSH] Chemokines, CXC : D019743,Chemokines, CXC,617,0.02066772655007949
239488,[MeSH] Cytotoxicity, Immunologic : D003602,Cytotoxicity, Immunologic,482,0.020618556701030927
122027,hydroquinone interacting with Homo sapiens associated genes (MeSH:C031927) in CTD,hydroquinone H.s.,170,0.020618556701030927
243152,[MeSH] Interleukin-10 : D016753,Interleukin-10,476,0.0205761316872428
349055,GO:0016477 cell migration,GO:0016477,22,0.02040816326530612
367065,GO:0048020 CCR chemokine receptor binding,GO:0048020,22,0.02040816326530612
349920,GO:0048870 cell motility,GO:0048870,22,0.02040816326530612
219710,http://www.broadinstitute.org/gsea/msigdb/cards/EXTRACELLULAR_REGION_PART,CC_EXTRACELLULAR_REGION_PART,328,0.020289855072463767
219927,http://www.broadinstitute.org/gsea/msigdb/cards/EXTRACELLULAR_REGION_PART,CC_EXTRACELLULAR_REGION_PART,328,0.020289855072463767
228189,MSigDB Geneset - STK33_UP,STK33_UP,278,0.02027027027027027
349548,GO:0006950 response to stress,GO:0006950,88,0.020202020202020204
244972,[MeSH] Eosinophils : D004804,Eosinophils,229,0.020080321285140562
243696,[MeSH] Respiratory Tract Infections : D012141,Respiratory Tract Infections,433,0.0200445434298441
123267,Daunorubicin interacting with Homo sapiens associated genes (MeSH:D003630) in CTD,Daunorubicin H.s.,178,0.02
267378,bismuth tripotassium dicitrate interacting with Rattus norvegicus associated genes (MeSH:C002791) in CTD,bismuth tripotassium dicitrate R.n.,125,0.02
258151,AGN 194204 interacting with Mus musculus associated genes (MeSH:C430898) in CTD,AGN 194204 M.m.,125,0.02
370337,GO:2000403 positive regulation of lymphocyte migration,GO:2000403,23,0.02
349179,GO:0051674 localization of cell,GO:0051674,23,0.02
237135,[MeSH] Receptors, Chemokine : D019707,Receptors, Chemokine,490,0.01996007984031936
370811,GO:0030335 positive regulation of cell migration,GO:0030335,334,0.019943019943019943
228056,MSigDB Geneset - STK33_NOMO_UP,STK33_NOMO_UP,282,0.019867549668874173
236146,[MeSH] Smoking : D012907,Smoking,806,0.01982651796778191
234024,[MeSH] Habits : D006184,Habits,806,0.01982651796778191
238653,[MeSH] Food Habits : D005510,Food Habits,806,0.01982651796778191
233978,[MeSH] Growth Inhibitors : D006131,Growth Inhibitors,336,0.01971830985915493
368417,GO:0050900 leukocyte migration,GO:0050900,348,0.019672131147540985
237166,[MeSH] Receptors, Glucagon : D018027,Receptors, Glucagon,24,0.0196078431372549
234264,[MeSH] Glial Fibrillary Acidic Protein : D005904,Glial Fibrillary Acidic Protein,287,0.0196078431372549
238508,[MeSH] Fatty Acids, Unsaturated : D005231,Fatty Acids, Unsaturated,651,0.01957831325301205
251210,Magnetite Nanoparticles interacting with Homo sapiens associated genes (MeSH:D058185) in CTD,Magnetite Nanoparticles H.s.,291,0.01948051948051948
235219,[MeSH] Antigens, CD4 : D015704,Antigens, CD4,400,0.01937046004842615
239416,[MeSH] Receptors, Interleukin-16 : D053721,Receptors, Interleukin-16,400,0.01937046004842615
87516,Table S3: SCH23390-sensitive METH-responsive genes in the rat striatum (173 genes).  (Whole Table) [DRG],Acute SCH23390 - SCH23390 vs. Saline,133,0.01935483870967742
237073,[MeSH] Interleukin-2 : D007376,Interleukin-2,454,0.019313304721030045
324370,GO:0071706 tumor necrosis factor superfamily cytokine production,GO:0071706,27,0.019230769230769232
318746,GO:1903555 regulation of tumor necrosis factor superfamily cytokine production,GO:1903555,27,0.019230769230769232
320631,GO:0032680 regulation of tumor necrosis factor production,GO:0032680,27,0.019230769230769232
127139,Indomethacin interacting with Homo sapiens associated genes (MeSH:D007213) in CTD,Indomethacin H.s.,349,0.019230769230769232
239916,[MeSH] Perforin : D054353,Perforin,79,0.019230769230769232
367200,GO:0032897 negative regulation of viral transcription,GO:0032897,25,0.019230769230769232
326470,GO:0032640 tumor necrosis factor production,GO:0032640,27,0.019230769230769232
245888,[MeSH] Killer Cells, Natural : D007694,Killer Cells, Natural,519,0.019193857965451054
237256,[MeSH] Gene Products, tat : D015696,Gene Products, tat,614,0.019169329073482427
369457,GO:2000147 positive regulation of cell motility,GO:2000147,349,0.01912568306010929
243433,[MeSH] Antiviral Agents : D000998,Antiviral Agents,350,0.01912568306010929
241384,[MeSH] Anti-Infective Agents : D000890,Anti-Infective Agents,515,0.019120458891013385
238404,[MeSH] Interferon Type I : D007370,Interferon Type I,408,0.01904761904761905
242931,[MeSH] Macrophages, Peritoneal : D017737,Macrophages, Peritoneal,351,0.018970189701897018
230330,MSigDB Geneset - GSE8515_CTRL_VS_IL1_4H_STIM_MAC_DN,GSE8515_CTRL_VS_IL1_4H_STIM_MAC_DN,193,0.018957345971563982
237151,[MeSH] Rheumatic Diseases : D012216,Rheumatic Diseases,680,0.0188953488372093
366334,GO:0051272 positive regulation of cellular component movement,GO:0051272,354,0.018867924528301886
368869,GO:0040017 positive regulation of locomotion,GO:0040017,354,0.018867924528301886
369766,GO:0050850 positive regulation of calcium-mediated signaling,GO:0050850,28,0.018867924528301886
230019,MSigDB Geneset - GSE17721_PAM3CSK4_VS_CPG_2H_BMDM_DN,GSE17721_PAM3CSK4_VS_CPG_2H_BMDM_DN,189,0.018867924528301886
124457,Mustard Gas interacting with Homo sapiens associated genes (MeSH:D009151) in CTD,Mustard Gas H.s.,691,0.018867924528301886
311423,GO:0043921 modulation by host of viral transcription,GO:0043921,26,0.018867924528301886
313643,GO:0052312 modulation of transcription in other organism involved in symbiotic interaction,GO:0052312,26,0.018867924528301886
314177,GO:0052472 modulation by host of symbiont transcription,GO:0052472,26,0.018867924528301886
233951,[MeSH] Transcription Factor AP-1 : D018808,Transcription Factor AP-1,521,0.018691588785046728
124150,sodium bichromate interacting with Homo sapiens associated genes (MeSH:C016104) in CTD,sodium bichromate H.s.,245,0.018656716417910446
321521,GO:0003008 system process,GO:0003008,531,0.0186219739292365
242953,[MeSH] Membrane Fusion : D008561,Membrane Fusion,194,0.018604651162790697
228776,MSigDB Geneset - GSE360_T_GONDII_VS_M_TUBERCULOSIS_MAC_DN,GSE360_T_GONDII_VS_M_TUBERCULOSIS_MAC_DN,195,0.018604651162790697
237072,[MeSH] Interleukin-1 : D007375,Interleukin-1,639,0.01854714064914992
407062,The Intersect of 2 GeneSets.,CO,28,0.018518518518518517
349223,GO:0040011 locomotion,GO:0040011,27,0.018518518518518517
259816,perfluorooctanoic acid interacting with Mus musculus associated genes (MeSH:C023036) in CTD,perfluorooctanoic acid M.m.,523,0.018484288354898338
239885,[MeSH] Hematopoietic Cell Growth Factors : D016298,Hematopoietic Cell Growth Factors,528,0.018484288354898338
227689,MSigDB Geneset - GSE17721_LPS_VS_PAM3CSK4_2H_BMDM_UP,GSE17721_LPS_VS_PAM3CSK4_2H_BMDM_UP,194,0.018433179723502304
228086,MSigDB Geneset - GSE360_CTRL_VS_L_DONOVANI_DC_DN,GSE360_CTRL_VS_L_DONOVANI_DC_DN,196,0.0182648401826484
320537,GO:0040011 locomotion,GO:0040011,309,0.0182370820668693
317215,GO:0051240 positive regulation of multicellular organismal process,GO:0051240,542,0.01818181818181818
372673,GO:0048247 lymphocyte chemotaxis,GO:0048247,28,0.01818181818181818
351038,GO:0006928 movement of cell or subcellular component,GO:0006928,28,0.01818181818181818
316146,GO:0002376 immune system process,GO:0002376,264,0.01818181818181818
238271,[MeSH] Arthritis : D001168,Arthritis,773,0.018134715025906734
34011,Neocortex Gene expression correlates of Open Field locomotion 30-45 min post cocaine in Females BXD,NCX C1HCOUNT45 F BXD ILM6v1.1 RankInv,37,0.016129032258064516
33941,Striatum Gene expression correlates of Morphine distance (cm) travelled minutes 120-135 in Females & Males BXD,STR AMDIST135 F&M BXD M430v2 RMA,109,0.007874015748031496
26121,Positional candidate genes for Thermal Nociception Hot Plate Avg of 2Trials [Pain] in Females & Males for Suggestive BXD QTL on Chr11 from 80 to 90 Mb,Positional candidate genes for HOTPLATE_MEANOF2 in BXD RI Females & Males on Chr11,146,0.0070921985815602835
1051,T-test for differential expression between Pax6 Sey (small-eyes) mutants at embryonic day E15.,SeyE15-Ttest,507,0.005791505791505791
797,UCSD_CEREBELLUM_Additive_Time_Pattern_No_Change,CEREBELLUM_AddNoChange,161,0.005434782608695652
35925,Striatum Gene expression correlates of Handling induced convulsions 6 hrs after ethanol in Males BXD,STR HAND_6HOURS M BXD M430v2 RMA,174,0.005376344086021506
36763,Cerebellum Gene expression correlates of Vocalization Threshold - shock intensity (mA) in Males BXD,CBL VOCA_THRESHOLD M BXD M430 RMA,367,0.005319148936170213
1143,Ataxia Compare Correlates with Cerebellum Gene Expression,AtxCompCorrCerGeneExp,187,0.004975124378109453
36753,Cerebellum Gene expression correlates of Vocalization Threshold - shock intensity (mA) in Females & Males BXD,CBL VOCA_THRESHOLD F&M BXD M430 RMA,202,0.004629629629629629
84255,alcohol preference locus (Published QTL, Chr 11),QTL for  alcohol preference locus on Chr11 at  D11Mit35 (106.61 Mbp , Build 37),747,0.002902757619738752
391,RIKEN Cerebellum C57BL/6J Development Series ,Riken CBL Development,8709,0.002271911993303838
865,Sey_Pax6_Age_Reduced_Linear_Incr,Sey_Pax6_Age_Reduced_Lin,1854,0.002170374389582203
84251,chronic alcohol withdrawal severity (Published QTL, Chr 11),QTL for  chronic alcohol withdrawal severity on Chr11 at  D11Mit4 (58.98 Mbp , Build 37),721,0.0014619883040935672
84252,alcohol preference locus (Published QTL, Chr 11),QTL for  alcohol preference locus on Chr11 at  NA (70.38 Mbp , Build 37),804,0.001314060446780552
84253,alcohol preference locus (Published QTL, Chr 11),QTL for  alcohol preference locus on Chr11 at  D11Mit35 (80.34 Mbp , Build 37),955,0.0011235955056179776
84254,nicotine sensitivity (Published QTL,Chr 11),QTL for  nicotine sensitivity on Chr11 at  D11Mit39 (81.17 Mbp , Build 37),970,0.0011049723756906078
37188,Positional candidate on Chromosome 11 (30-110 Mb) for dominant deviation measuring EtOH consumption during Drinking in the Dark (DID), 24 hour access and Blood Ethanol Concentration (BEC).,Chr. 11 EtOH heterosis,1567,0.0008613264427217916
